time-step,number of users,exec time
1,25,0.6519966125488281
61,25,0.6531646251678467
121,25,0.5677394866943359
181,25,0.651719331741333
241,25,0.5614707469940186
301,25,0.5716595649719238
361,25,0.5663251876831055
421,25,0.5748388767242432
481,25,0.5687379837036133
541,25,0.5743560791015625
601,25,0.6558785438537598
661,25,0.6546258926391602
721,25,0.5677449703216553
781,25,0.5793256759643555
841,25,0.5724537372589111
