time-step,number of users,exec time
1,25,0.7040550708770752
61,25,0.6990282535552979
121,25,0.6113851070404053
181,25,0.691483736038208
241,25,0.6191885471343994
301,25,0.6108260154724121
361,25,0.603825569152832
421,25,0.6164419651031494
481,25,0.6099071502685547
541,25,0.6609780788421631
601,25,0.7145686149597168
661,25,0.6999838352203369
721,25,0.6044154167175293
781,25,0.6149847507476807
841,25,0.6097760200500488
