time-step,number of users,exec time
1,25,0.6574273109436035
61,25,0.6495833396911621
121,25,0.5660271644592285
181,25,0.6598567962646484
241,25,0.5810520648956299
301,25,0.5649557113647461
361,25,0.5633144378662109
421,25,0.5691235065460205
481,25,0.5681111812591553
541,25,0.5651035308837891
601,25,0.6467487812042236
661,25,0.6488280296325684
721,25,0.5655999183654785
781,25,0.5635771751403809
841,25,0.5619282722473145
