time-step,number of users,exec time
1,25,1.9398458003997803
61,25,1.9832401275634766
121,25,2.1838674545288086
181,25,2.6315388679504395
241,25,2.300027847290039
301,25,2.623853921890259
361,25,2.487222909927368
421,25,2.6786911487579346
481,25,2.2567529678344727
541,25,2.6337034702301025
601,25,2.614715099334717
661,25,2.633594274520874
721,25,2.2812209129333496
781,25,2.288282871246338
841,25,2.326615571975708
