time-step,number of users,exec time
1,100,1.4298944473266602
61,100,1.2509486675262451
121,100,1.4234800338745117
181,100,1.9985129833221436
241,100,1.672957181930542
301,98,2.244431734085083
361,92,2.120940685272217
421,81,1.7208807468414307
481,75,1.9748237133026123
541,69,1.1731667518615723
601,58,1.272813081741333
661,40,0.6337010860443115
721,26,0.7493369579315186
781,12,0.3608369827270508
841,4,0.1302351951599121
