time-step,number of users,exec time
1,30,0.8025219440460205
61,30,0.7795140743255615
121,30,0.7188081741333008
181,30,0.7230868339538574
241,30,0.7640998363494873
301,28,0.7451381683349609
361,28,0.7335340976715088
421,23,0.5935032367706299
481,21,0.5457172393798828
541,15,0.3799152374267578
601,15,0.39185070991516113
661,13,0.3697667121887207
721,9,0.2373368740081787
781,7,0.17699217796325684
841,6,0.14268112182617188
