time-step,number of users,exec time
1,30,0.8316941261291504
61,30,0.8046348094940186
121,30,0.752363920211792
181,30,0.7534563541412354
241,30,0.7901339530944824
301,28,0.772533655166626
361,28,0.754145622253418
421,23,0.6019332408905029
481,21,0.5554075241088867
541,15,0.41247105598449707
601,15,0.39492201805114746
661,13,0.3709373474121094
721,9,0.24394726753234863
781,7,0.1782090663909912
841,6,0.14443016052246094
