time-step,number of users,exec time
1,25,0.06531715393066406
61,25,0.060277462005615234
121,25,0.2053971290588379
181,25,0.09691643714904785
241,25,0.10114455223083496
301,25,0.14082002639770508
361,25,0.07528114318847656
421,25,0.07001996040344238
481,25,0.11072039604187012
541,25,0.14830994606018066
601,25,0.11591315269470215
661,25,0.05429506301879883
721,25,0.09387874603271484
781,25,0.07062005996704102
841,25,0.11095833778381348
