time-step,number of users,exec time
1,25,0.05400514602661133
61,25,0.05567336082458496
121,25,0.12318944931030273
181,25,0.08883500099182129
241,25,0.09600567817687988
301,25,0.10889577865600586
361,25,0.07245397567749023
421,25,0.06993842124938965
481,25,0.10294890403747559
541,25,0.12700963020324707
601,25,0.11116170883178711
661,25,0.051517486572265625
721,25,0.08700013160705566
781,25,0.06814002990722656
841,25,0.10472393035888672
