time-step,number of users,exec time
1,25,0.20921921730041504
61,25,0.20920085906982422
121,25,0.1440415382385254
181,25,0.05136680603027344
241,25,0.23123836517333984
301,25,0.19799160957336426
361,25,0.189361572265625
421,25,0.20513176918029785
481,25,0.21711087226867676
541,25,0.22292566299438477
601,25,0.19444608688354492
661,25,0.22211885452270508
721,25,0.292510986328125
781,25,0.3169887065887451
841,25,0.3679840564727783
