time-step,number of users,exec time
1,100,11.804912328720093
61,100,13.495723009109497
121,100,13.61631178855896
181,100,14.217284202575684
241,100,14.30843997001648
301,98,12.30694031715393
361,92,11.479029893875122
421,81,10.062249422073364
481,75,9.270992994308472
541,69,8.667729616165161
601,58,8.306448936462402
661,40,6.415406227111816
721,26,6.345035791397095
781,12,4.582839250564575
841,4,3.9283556938171387
