time-step,number of users,exec time
1,100,3.7168948650360107
61,100,5.504285097122192
121,100,5.2112956047058105
181,100,5.078742265701294
241,100,5.295721054077148
301,98,5.127963304519653
361,92,6.01442289352417
421,81,4.254690885543823
481,75,4.150526762008667
541,69,3.23653244972229
601,58,2.8036904335021973
661,40,1.9446563720703125
721,26,2.3475451469421387
781,12,0.7136411666870117
841,4,0.21315765380859375
