time-step,number of users,exec time
1,30,0.48708248138427734
61,30,0.5360383987426758
121,30,0.4873344898223877
181,30,0.47304439544677734
241,30,0.4881322383880615
301,28,0.4432642459869385
361,28,0.4345583915710449
421,23,0.3484466075897217
481,21,0.31909608840942383
541,15,0.21814179420471191
601,15,0.2180924415588379
661,13,0.20619463920593262
721,9,0.12472891807556152
781,7,0.09658980369567871
841,6,0.08269691467285156
