time-step,number of users,exec time
1,30,0.00045299530029296875
61,30,0.00044655799865722656
121,30,0.00048160552978515625
181,30,0.0005128383636474609
241,30,0.0005290508270263672
301,28,0.0004782676696777344
361,28,0.0005054473876953125
421,23,0.00044417381286621094
481,21,0.0004127025604248047
541,15,0.00046133995056152344
601,15,0.00044083595275878906
661,13,0.0004367828369140625
721,9,0.0003609657287597656
781,7,0.00040078163146972656
841,6,0.00036334991455078125
