time-step,number of users,exec time
1,100,0.0009393692016601562
61,100,0.0009443759918212891
121,100,0.0010139942169189453
181,100,0.0010559558868408203
241,100,0.0010471343994140625
301,98,0.0008165836334228516
361,92,0.0008072853088378906
421,81,0.0009226799011230469
481,75,0.0008087158203125
541,69,0.0009520053863525391
601,58,0.0006897449493408203
661,40,0.0008225440979003906
721,26,0.0005567073822021484
781,12,0.0013556480407714844
841,4,0.00039196014404296875
