time-step,number of users,exec time
1,25,0.0025451183319091797
61,25,0.001588582992553711
121,25,0.001998424530029297
181,25,0.002528667449951172
241,25,0.0016868114471435547
301,25,0.0019371509552001953
361,25,0.002170562744140625
421,25,0.0021839141845703125
481,25,0.0022127628326416016
541,25,0.002376079559326172
601,25,0.0026216506958007812
661,25,0.002187490463256836
721,25,0.001844167709350586
781,25,0.002256155014038086
841,25,0.0016851425170898438
