time-step,number of users,exec time
1,25,0.0015251636505126953
61,25,0.0013103485107421875
121,25,0.0014748573303222656
181,25,0.0020952224731445312
241,25,0.0019526481628417969
301,25,0.0017211437225341797
361,25,0.0011458396911621094
421,25,0.0015060901641845703
481,25,0.001104593276977539
541,25,0.0015881061553955078
601,25,0.002442598342895508
661,25,0.0019466876983642578
721,25,0.0018582344055175781
781,25,0.0011866092681884766
841,25,0.0011925697326660156
