time-step,number of users,exec time
1,25,0.0014383792877197266
61,25,0.0014064311981201172
121,25,0.0012996196746826172
181,25,0.0014295578002929688
241,25,0.0017552375793457031
301,25,0.0017735958099365234
361,25,0.0017647743225097656
421,25,0.0018229484558105469
481,25,0.0012154579162597656
541,25,0.0019888877868652344
601,25,0.0022001266479492188
661,25,0.0026214122772216797
721,25,0.0018956661224365234
781,25,0.0018107891082763672
841,25,0.0018389225006103516
