time-step,number of users,exec time
1,25,0.0014934539794921875
61,25,0.0014824867248535156
121,25,0.0012233257293701172
181,25,0.001249074935913086
241,25,0.0009396076202392578
301,25,0.0009582042694091797
361,25,0.0009613037109375
421,25,0.0011129379272460938
481,25,0.0012052059173583984
541,25,0.0009295940399169922
601,25,0.0014843940734863281
661,25,0.0013971328735351562
721,25,0.0011272430419921875
781,25,0.0009515285491943359
841,25,0.0010008811950683594
