time-step,number of users,exec time
1,30,3.66384220123291
61,30,4.4172422885894775
121,30,6.7905004024505615
181,30,6.432766675949097
241,30,6.483685493469238
301,28,5.485776424407959
361,28,5.270563125610352
421,23,5.186162948608398
481,21,5.867231130599976
541,15,5.5609450340271
601,15,5.865512847900391
661,13,4.816741228103638
721,9,4.063922882080078
781,7,3.004814624786377
841,6,2.651283025741577
