time-step,number of users,exec time
1,30,2.351158857345581
61,30,2.597696304321289
121,30,3.080625534057617
181,30,3.0964882373809814
241,30,3.301703453063965
301,28,2.9554295539855957
361,28,3.1577529907226562
421,23,3.3098976612091064
481,21,4.621300935745239
541,15,4.53143310546875
601,15,3.0242578983306885
661,13,2.9398422241210938
721,9,2.3465523719787598
781,7,2.237353801727295
841,6,1.9250390529632568
