time-step,number of users,exec time
1,25,0.00040078163146972656
61,25,0.00041961669921875
121,25,0.0004317760467529297
181,25,0.00040531158447265625
241,25,0.00045943260192871094
301,25,0.0004355907440185547
361,25,0.0004475116729736328
421,25,0.00044727325439453125
481,25,0.0004429817199707031
541,25,0.0005192756652832031
601,25,0.0004863739013671875
661,25,0.0005848407745361328
721,25,0.00044918060302734375
781,25,0.0004506111145019531
841,25,0.0004138946533203125
