time-step,number of users,exec time
1,25,0.0005464553833007812
61,25,0.0006203651428222656
121,25,0.0004115104675292969
181,25,0.0005216598510742188
241,25,0.0004191398620605469
301,25,0.00036525726318359375
361,25,0.0004723072052001953
421,25,0.001819610595703125
481,25,0.0004992485046386719
541,25,0.0005064010620117188
601,25,0.0008590221405029297
661,25,0.0004475116729736328
721,25,0.000431060791015625
781,25,0.0005927085876464844
841,25,0.0004127025604248047
