time-step,number of users,exec time
1,25,0.00040602684020996094
61,25,0.0004239082336425781
121,25,0.00037860870361328125
181,25,0.0004248619079589844
241,25,0.0003814697265625
301,25,0.0003838539123535156
361,25,0.0003910064697265625
421,25,0.0003829002380371094
481,25,0.00040411949157714844
541,25,0.0003821849822998047
601,25,0.00041294097900390625
661,25,0.0003933906555175781
721,25,0.00039696693420410156
781,25,0.0003688335418701172
841,25,0.0003654956817626953
