time-step,number of users,exec time
1,25,0.06073784828186035
61,25,0.059209585189819336
121,25,0.1273818016052246
181,25,0.0985715389251709
241,25,0.10578322410583496
301,25,0.11489367485046387
361,25,0.09560656547546387
421,25,0.0769510269165039
481,25,0.10848617553710938
541,25,0.13171935081481934
601,25,0.1168973445892334
661,25,0.05821418762207031
721,25,0.09318900108337402
781,25,0.07335758209228516
841,25,0.11167788505554199
