time-step,number of users,exec time
1,25,0.0672600269317627
61,25,0.06625890731811523
121,25,0.14768528938293457
181,25,0.09518599510192871
241,25,0.10073399543762207
301,25,0.11217045783996582
361,25,0.08455061912536621
421,25,0.08153462409973145
481,25,0.10856103897094727
541,25,0.12864923477172852
601,25,0.1141817569732666
661,25,0.06594347953796387
721,25,0.09604954719543457
781,25,0.0803079605102539
841,25,0.11049485206604004
