time-step,number of users,exec time
1,25,0.22134733200073242
61,25,0.22636723518371582
121,25,0.15767359733581543
181,25,0.030015945434570312
241,25,0.24897408485412598
301,25,0.21224355697631836
361,25,0.20293164253234863
421,25,0.21728873252868652
481,25,0.22681879997253418
541,25,0.2155160903930664
601,25,0.1829516887664795
661,25,0.21244406700134277
721,25,0.2964024543762207
781,25,0.304577112197876
841,25,0.33422279357910156
