time-step,number of users,exec time
1,30,0.857365608215332
61,30,0.8343062400817871
121,30,0.7263290882110596
181,30,0.7200078964233398
241,30,0.7441287040710449
301,28,0.6809711456298828
361,28,0.7605054378509521
421,23,0.8208684921264648
481,21,0.5623047351837158
541,15,0.3798794746398926
601,15,0.40538620948791504
661,13,0.6193900108337402
721,9,0.22417092323303223
781,7,0.1739194393157959
841,6,0.15008282661437988
