time-step,number of users,exec time
1,30,0.7721562385559082
61,30,0.6982989311218262
121,30,0.7010390758514404
181,30,0.706270694732666
241,30,0.6955204010009766
301,28,0.6499385833740234
361,28,0.6512701511383057
421,23,0.5595507621765137
481,21,0.49229979515075684
541,15,0.35271382331848145
601,15,0.3510270118713379
661,13,0.3255012035369873
721,9,0.211716890335083
781,7,0.16389036178588867
841,6,0.14415431022644043
