time-step,number of users,exec time
1,30,1.2717690467834473
61,30,1.2165508270263672
121,30,1.1975364685058594
181,30,1.195934772491455
241,30,1.195490837097168
301,28,1.107879638671875
361,28,1.1060559749603271
421,23,0.9218144416809082
481,21,0.9168682098388672
541,15,0.6015000343322754
601,15,0.5784480571746826
661,13,0.537255048751831
721,9,0.334550142288208
781,7,0.26043152809143066
841,6,0.22369837760925293
