time-step,number of users,exec time
1,100,0.0008635520935058594
61,100,0.0008649826049804688
121,100,0.0010094642639160156
181,100,0.0009763240814208984
241,100,0.000982046127319336
301,98,0.0009658336639404297
361,92,0.0009233951568603516
421,81,0.0009708404541015625
481,75,0.0008411407470703125
541,69,0.0008535385131835938
601,58,0.0008664131164550781
661,40,0.00110626220703125
721,26,0.0007066726684570312
781,12,0.0007138252258300781
841,4,0.0003952980041503906
