time-step,number of users,exec time
1,30,0.0026869773864746094
61,45,0.003595590591430664
121,75,0.0057830810546875
181,91,0.00632476806640625
241,99,0.006884098052978516
301,100,0.006565570831298828
361,100,0.006181478500366211
421,100,0.006419658660888672
481,100,0.007044076919555664
541,100,0.007840633392333984
601,90,0.005975961685180664
661,59,0.0037207603454589844
721,38,0.0028464794158935547
781,19,0.0016226768493652344
