time-step,number of users,exec time
1,25,0.2330317497253418
61,25,0.17309999465942383
121,25,0.16442251205444336
181,25,0.18270397186279297
241,25,0.16272449493408203
301,25,0.16886210441589355
361,25,0.26392292976379395
421,25,0.16414546966552734
481,25,0.16123223304748535
541,25,0.16191363334655762
601,25,0.16656994819641113
661,25,0.1628260612487793
721,25,0.16369366645812988
781,25,0.16244149208068848
841,25,0.16418194770812988
