time-step,number of users,exec time
1,25,0.5010828971862793
61,25,0.4109382629394531
121,25,0.5548515319824219
181,25,0.41476988792419434
241,25,0.4753081798553467
301,25,0.5681452751159668
361,25,0.8215365409851074
421,25,1.9842348098754883
481,25,0.9063589572906494
541,25,12.409751892089844
601,25,19.84935212135315
661,25,0.5710651874542236
721,25,4.820821046829224
781,25,1.8061609268188477
841,25,0.47150158882141113
