time-step,number of users,exec time
1,25,0.5013151168823242
61,25,0.49588966369628906
121,25,0.5482380390167236
181,25,0.3946413993835449
241,25,0.466810941696167
301,25,0.6223409175872803
361,25,0.7804563045501709
421,25,1.5076451301574707
481,25,0.8239421844482422
541,25,10.53688931465149
601,25,0.41521549224853516
661,25,0.4025552272796631
721,25,4.917617082595825
781,25,2.0518624782562256
841,25,0.4596588611602783
