time-step,number of users,exec time
1,25,0.1964244842529297
61,25,0.1575171947479248
121,25,0.1598508358001709
181,25,0.15519499778747559
241,25,0.15512537956237793
301,25,0.15804219245910645
361,25,0.15698719024658203
421,25,0.1571674346923828
481,25,0.16071844100952148
541,25,0.16317224502563477
601,25,0.1570136547088623
661,25,0.16085481643676758
721,25,0.15959596633911133
781,25,0.16962671279907227
841,25,0.15708661079406738
