time-step,number of users,exec time
1,30,0.4770798683166504
61,30,0.47075605392456055
121,30,0.5334157943725586
181,30,0.4696009159088135
241,30,0.47722768783569336
301,28,0.44147443771362305
361,28,0.4318270683288574
421,23,0.3482778072357178
481,21,0.32862186431884766
541,15,0.21632003784179688
601,15,0.21753621101379395
661,13,0.20003938674926758
721,9,0.12383651733398438
781,7,0.09628748893737793
841,6,0.08110499382019043
