time-step,number of users,exec time
1,30,0.0005462169647216797
61,30,0.0005118846893310547
121,30,0.0005106925964355469
181,30,0.0005123615264892578
241,30,0.0005123615264892578
301,28,0.0004851818084716797
361,28,0.0005354881286621094
421,23,0.0005114078521728516
481,21,0.0005240440368652344
541,15,0.0006315708160400391
601,15,0.000492095947265625
661,13,0.0004286766052246094
721,9,0.0004456043243408203
781,7,0.0004298686981201172
841,6,0.0004124641418457031
