time-step,number of users,exec time
1,100,1.4858002662658691
61,100,1.1885299682617188
121,100,1.0596742630004883
181,100,1.4803335666656494
241,100,1.2316458225250244
301,98,1.676149845123291
361,92,1.5740668773651123
421,81,1.142606258392334
481,75,1.2852063179016113
541,69,0.9265568256378174
601,58,0.9638257026672363
661,40,0.49109315872192383
721,26,0.5723185539245605
781,12,0.26561689376831055
841,4,0.11032581329345703
